Target_RPS,Metric,Unit,Python_Median,CPP_Median,MWU_p_value,Effect_Size_r,Python_p99_CI_Low,Python_p99_CI_High,CPP_p99_CI_Low,CPP_p99_CI_High
500,http_req_duration,ms,1279.69,1348.67,1.00000e+00,-0.067,3745.03,4634.34,5000.41,5000.56
500,total_process_ns,ns,902200092,932954249,1.00000e+00,-0.027,3161385779,3292900718,2966483930,3054022462
500,engine_latency_ns,ns,6761,6587,7.96743e-32,0.052,38748,48760,33393,38778
2000,http_req_duration,ms,1920.06,1928.66,5.02148e-66,0.053,3694.47,3742.63,3425.67,3465.90
2000,total_process_ns,ns,1559817850,1622279924,1.41045e-84,0.060,3088780722,3163414616,2983704277,3031765317
2000,engine_latency_ns,ns,6451,6237,7.82683e-70,0.075,38551,45898,32302,36629
5000,http_req_duration,ms,2069.24,1993.00,3.23305e-153,0.082,3971.77,4239.13,3501.76,3598.10
5000,total_process_ns,ns,1738476234,1668752212,2.26883e-137,0.078,3402792372,3561024193,3039869351,3077818100
5000,engine_latency_ns,ns,6493,6290,3.14873e-67,0.074,38438,45829,31706,37872
